{"lambda_l1":0.3109393924887708,"lambda_l2":7.88332505118838e-8,"num_leaves":222,"feature_fraction":0.824239625745331,"bagging_fraction":0.4364382270459226,"bagging_freq":1,"min_child_samples":23,"learning_rate":0.02770410300685009,"threshold_buy":0.8453800610740323,"threshold_sell":0.05906505815608987}