{"rsi_period":16,"rsi_threshold":55,"sma_period":190,"sharpe_ratio":2.5031321746197257,"total_return_pct":1471.5896531657518,"trade_count":105,"win_rate_pct":41.904761904761905,"max_drawdown_pct":37.96476651829248,"optimized_at":"2025-12-23T01:02:20.616165"}